symbol,market,signal_date,close,status,status_rank,setup,regime,wyckoff,trigger,direction,zs_zd,zs_zg,entry_price,sl,tp1,tp2,name,sector,notes,engine_version
300450,HS300,2026-09-29,33.76,ENTRY,3,BRK,Bear Trend,Neutral,Bull Micro BOS,LONG,30.5,32.9,33.76,31.54,38.19,40.41,先导智能,nan,,1.8.5-source-port
000063,HS300,2026-09-29,30.72,READY,2,3S,Bear Trend,Neutral,Waiting,SHORT,32.83,33.69,,,,,中兴通讯,nan,,1.8.5-source-port
000301,HS300,2026-09-29,12.8,READY,2,3S,Bearish Zhongshu,Neutral,Bear Micro BOS,SHORT,13.05,13.89,,,,,东方盛虹,nan,,1.8.5-source-port
000333,HS300,2026-09-29,81.66,READY,2,3S,Bear Trend,Neutral,Waiting,SHORT,82.39,87.4,,,,,美的集团,nan,,1.8.5-source-port
000425,HS300,2026-09-29,7.05,READY,2,3S,Bear Trend,Neutral,Waiting,SHORT,7.82,8.12,,,,,徐工机械,nan,,1.8.5-source-port
000596,HS300,2026-09-29,89.03,READY,2,3S,Bearish Zhongshu,Neutral,Waiting,SHORT,91.02,92.69,,,,,古井贡酒,nan,,1.8.5-source-port
000630,HS300,2026-09-29,5.79,READY,2,3S,Bear Trend,Neutral,Waiting,SHORT,6.33,6.8,,,,,铜陵有色,nan,,1.8.5-source-port
000768,HS300,2026-09-29,22.5,READY,2,3B,Bullish Zhongshu,Neutral,Waiting,LONG,21.95,22.0,,,,,中航西飞,nan,,1.8.5-source-port
000858,HS300,2026-09-29,68.77,READY,2,3S,Bear Trend,Neutral,Bear Micro BOS,SHORT,70.88,72.45,,,,,五粮液,nan,,1.8.5-source-port
000938,HS300,2026-09-29,31.53,READY,2,3S,Bear Trend,Neutral,Waiting,SHORT,33.93,34.29,,,,,紫光股份,nan,,1.8.5-source-port
002001,HS300,2026-09-29,25.33,READY,2,3S,Bearish Zhongshu,Neutral,Bear Micro BOS,SHORT,26.23,27.5,,,,,新和成,nan,,1.8.5-source-port
002027,HS300,2026-09-29,4.65,READY,2,3S,Bear Trend,Neutral,Waiting,SHORT,4.8,4.86,,,,,分众传媒,nan,,1.8.5-source-port
002142,HS300,2026-09-29,34.81,READY,2,3B,Bullish Zhongshu,Neutral,Waiting,LONG,33.87,34.29,,,,,宁波银行,nan,,1.8.5-source-port
002202,HS300,2026-09-29,17.09,READY,2,3S,Bearish Zhongshu,Neutral,Waiting,SHORT,17.75,19.58,,,,,金风科技,nan,,1.8.5-source-port
002236,HS300,2026-09-29,15.23,READY,2,3S,Bear Trend,Neutral,Waiting,SHORT,15.62,15.98,,,,,大华股份,nan,,1.8.5-source-port
002304,HS300,2026-09-29,36.9,READY,2,3S,Bear Trend,Neutral,Bear Micro BOS,SHORT,38.5,38.76,,,,,洋河股份,nan,,1.8.5-source-port
002311,HS300,2026-09-29,41.2,READY,2,3S,Bear Trend,Neutral,Bear Micro BOS,SHORT,43.86,47.33,,,,,海大集团,nan,,1.8.5-source-port
002384,HS300,2026-09-29,171.21,READY,2,3S,Bearish Zhongshu,Neutral,Waiting,SHORT,176.75,199.5,,,,,东山精密,nan,,1.8.5-source-port
002532,HS300,2026-09-29,12.21,READY,2,3S,Bearish Zhongshu,Neutral,Waiting,SHORT,12.52,13.24,,,,,天山铝业,nan,,1.8.5-source-port
002558,HS300,2026-09-29,22.12,READY,2,3S,Bear Trend,Neutral,Waiting,SHORT,24.91,26.83,,,,,巨人网络,nan,,1.8.5-source-port
002602,HS300,2026-09-29,13.88,READY,2,3S,Bull Trend,Neutral,Waiting,SHORT,14.18,14.76,,,,,世纪华通,nan,,1.8.5-source-port
002648,HS300,2026-09-29,25.9,READY,2,3S,Bearish Zhongshu,Neutral,Bear Micro BOS,SHORT,26.08,26.95,,,,,卫星化学,nan,,1.8.5-source-port
002709,HS300,2026-09-29,31.08,READY,2,3S,Bear Trend,Neutral,Waiting,SHORT,32.51,33.69,,,,,天赐材料,nan,,1.8.5-source-port
002736,HS300,2026-09-29,9.72,READY,2,3S,Bear Trend,Neutral,Waiting,SHORT,9.79,10.02,,,,,国信证券,nan,,1.8.5-source-port
002938,HS300,2026-09-29,79.95,READY,2,3S,Bear Trend,Neutral,Waiting,SHORT,87.45,94.52,,,,,鹏鼎控股,nan,,1.8.5-source-port
300413,HS300,2026-09-29,19.8,READY,2,3B,Bullish Zhongshu,Neutral,Bull Micro BOS,LONG,16.4,17.0,,,,,芒果超媒,nan,,1.8.5-source-port
300433,HS300,2026-09-29,31.46,READY,2,3S,Bearish Zhongshu,Neutral,Waiting,SHORT,32.55,36.5,,,,,蓝思科技,nan,,1.8.5-source-port
300476,HS300,2026-09-29,216.76,READY,2,3S,Bearish Zhongshu,Neutral,Waiting,SHORT,217.44,233.15,,,,,胜宏科技,nan,,1.8.5-source-port
600026,HS300,2026-09-29,20.27,READY,2,3B,Bull Trend,Neutral,Bear Micro BOS,LONG,18.38,19.85,,,,,中远海能,nan,,1.8.5-source-port
600029,HS300,2026-09-29,4.84,READY,2,3S,Bear Trend,Neutral,Waiting,SHORT,4.98,5.0,,,,,南方航空,nan,,1.8.5-source-port
600036,HS300,2026-09-29,40.51,READY,2,3B,Bull Trend,Neutral,Waiting,LONG,40.36,40.55,,,,,招商银行,nan,,1.8.5-source-port
600048,HS300,2026-09-29,5.84,READY,2,3B,Bullish Zhongshu,Neutral,Waiting,LONG,5.2,5.42,,,,,保利发展,nan,,1.8.5-source-port
600089,HS300,2026-09-29,17.15,READY,2,3S,Bear Trend,Neutral,Bear Micro BOS,SHORT,18.81,19.29,,,,,特变电工,nan,,1.8.5-source-port
600104,HS300,2026-09-29,10.71,READY,2,3S,Bull Trend,Neutral,Waiting,SHORT,11.01,11.1,,,,,上汽集团,nan,,1.8.5-source-port
600115,HS300,2026-09-29,3.32,READY,2,3S,Bear Trend,Neutral,Waiting,SHORT,3.46,3.5,,,,,中国东航,nan,,1.8.5-source-port
600118,HS300,2026-09-29,55.27,READY,2,3S,Bearish Zhongshu,Neutral,Bear Micro BOS,SHORT,56.65,60.12,,,,,中国卫星,nan,,1.8.5-source-port
600160,HS300,2026-09-29,33.1,READY,2,3S,Bear Trend,Neutral,Bear Micro BOS,SHORT,36.76,38.26,,,,,巨化股份,nan,,1.8.5-source-port
600188,HS300,2026-09-29,19.26,READY,2,3S,Bearish Zhongshu,Neutral,Waiting,SHORT,20.68,22.69,,,,,兖矿能源,nan,,1.8.5-source-port
600346,HS300,2026-09-29,15.91,READY,2,3S,Bull Trend,Neutral,Bear Micro BOS,SHORT,16.07,16.71,,,,,恒力石化,nan,,1.8.5-source-port
600406,HS300,2026-09-29,22.21,READY,2,3B,Bullish Zhongshu,Neutral,Waiting,LONG,21.66,22.28,,,,,国电南瑞,nan,,1.8.5-source-port
600519,HS300,2026-09-29,1235.58,READY,2,3S,Bear Trend,Neutral,Bear Micro BOS,SHORT,1270.33,1307.99,,,,,贵州茅台,nan,,1.8.5-source-port
600547,HS300,2026-09-29,26.49,READY,2,3S,Bull Trend,Neutral,Waiting,SHORT,32.0,32.46,,,,,山东黄金,nan,,1.8.5-source-port
600585,HS300,2026-09-29,16.98,READY,2,3S,Bear Trend,Neutral,Waiting,SHORT,17.3,17.73,,,,,海螺水泥,nan,,1.8.5-source-port
600600,HS300,2026-09-29,49.52,READY,2,3S,Bear Trend,Neutral,Bear Micro BOS,SHORT,50.43,51.74,,,,,青岛啤酒,nan,,1.8.5-source-port
600690,HS300,2026-09-29,20.21,READY,2,3S,Bear Trend,Neutral,Waiting,SHORT,20.84,21.49,,,,,海尔智家,nan,,1.8.5-source-port
600741,HS300,2026-09-29,15.18,READY,2,3S,Bear Trend,Neutral,Waiting,SHORT,15.25,15.55,,,,,华域汽车,nan,,1.8.5-source-port
600760,HS300,2026-09-29,42.65,READY,2,3S,Bull Trend,Neutral,Bear Micro BOS,SHORT,43.74,44.44,,,,,中航沈飞,nan,,1.8.5-source-port
600795,HS300,2026-09-29,5.36,READY,2,3B,Bullish Zhongshu,Neutral,Waiting,LONG,5.18,5.35,,,,,国电电力,nan,,1.8.5-source-port
600803,HS300,2026-09-29,18.39,READY,2,3B,Bull Trend,Neutral,Waiting,LONG,18.3,18.4,,,,,新奥股份,nan,,1.8.5-source-port
600809,HS300,2026-09-29,111.5,READY,2,3S,Bear Trend,Neutral,Waiting,SHORT,115.15,115.89,,,,,山西汾酒,nan,,1.8.5-source-port
600845,HS300,2026-09-29,17.81,READY,2,3B,Bear Trend,Neutral,Waiting,LONG,17.14,17.68,,,,,宝信软件,nan,,1.8.5-source-port
600926,HS300,2026-09-29,16.81,READY,2,3B,Bull Trend,Neutral,Waiting,LONG,16.43,16.46,,,,,杭州银行,nan,,1.8.5-source-port
600989,HS300,2026-09-29,22.41,READY,2,3S,Bull Trend,Neutral,Waiting,SHORT,22.96,23.86,,,,,宝丰能源,nan,,1.8.5-source-port
601006,HS300,2026-09-29,4.67,READY,2,3S,Bear Trend,Neutral,Waiting,SHORT,4.76,4.87,,,,,大秦铁路,nan,,1.8.5-source-port
601012,HS300,2026-09-29,10.89,READY,2,3S,Bear Trend,Neutral,Waiting,SHORT,11.41,11.56,,,,,隆基绿能,nan,,1.8.5-source-port
601077,HS300,2026-09-29,6.58,READY,2,3S,Bull Trend,Neutral,Waiting,SHORT,6.67,6.9,,,,,渝农商行,nan,,1.8.5-source-port
601088,HS300,2026-09-29,47.3,READY,2,3B,Bull Trend,Neutral,Waiting,LONG,45.76,46.8,,,,,中国神华,nan,,1.8.5-source-port
601138,HS300,2026-09-29,58.42,READY,2,3S,Bearish Zhongshu,Neutral,Waiting,SHORT,60.4,60.84,,,,,工业富联,nan,,1.8.5-source-port
601318,HS300,2026-09-29,52.5,READY,2,3S,Bull Trend,Neutral,Waiting,SHORT,53.1,54.83,,,,,中国平安,nan,,1.8.5-source-port
601390,HS300,2026-09-29,4.25,READY,2,3S,Bear Trend,Neutral,Waiting,SHORT,4.29,4.35,,,,,中国中铁,nan,,1.8.5-source-port
601600,HS300,2026-09-29,8.94,READY,2,3S,Bear Trend,Neutral,Waiting,SHORT,9.21,9.81,,,,,中国铝业,nan,,1.8.5-source-port
601601,HS300,2026-09-29,30.4,READY,2,3S,Bull Trend,Neutral,Bear Micro BOS,SHORT,32.64,33.09,,,,,中国太保,nan,,1.8.5-source-port
601607,HS300,2026-09-29,16.0,READY,2,3S,Bear Trend,Neutral,Waiting,SHORT,16.15,16.58,,,,,上海医药,nan,,1.8.5-source-port
601668,HS300,2026-09-29,4.27,READY,2,3S,Bear Trend,Neutral,Waiting,SHORT,4.34,4.35,,,,,中国建筑,nan,,1.8.5-source-port
601800,HS300,2026-09-29,5.83,READY,2,3S,Bear Trend,Neutral,Waiting,SHORT,5.88,5.91,,,,,中国交建,nan,,1.8.5-source-port
601868,HS300,2026-09-29,2.37,READY,2,3S,Bear Trend,Neutral,Waiting,SHORT,2.47,2.53,,,,,中国能建,nan,,1.8.5-source-port
601878,HS300,2026-09-29,8.92,READY,2,3S,Bear Trend,Neutral,Waiting,SHORT,9.28,9.39,,,,,浙商证券,nan,,1.8.5-source-port
601881,HS300,2026-09-29,11.51,READY,2,3S,Bear Trend,Neutral,Bear Micro BOS,SHORT,11.86,12.22,,,,,中国银河,nan,,1.8.5-source-port
601899,HS300,2026-09-29,29.46,READY,2,3S,Bear Trend,Neutral,Waiting,SHORT,32.19,33.27,,,,,紫金矿业,nan,,1.8.5-source-port
601901,HS300,2026-09-29,6.63,READY,2,3S,Bearish Zhongshu,Neutral,Waiting,SHORT,6.73,6.95,,,,,方正证券,nan,,1.8.5-source-port
601916,HS300,2026-09-29,2.87,READY,2,3S,Bear Trend,Re-Accumulation,Waiting,SHORT,2.94,2.96,,,,,浙商银行,nan,,1.8.5-source-port
603019,HS300,2026-09-29,80.4,READY,2,3S,Bearish Zhongshu,Neutral,Waiting,SHORT,81.07,86.3,,,,,中科曙光,nan,,1.8.5-source-port
603260,HS300,2026-09-29,31.01,READY,2,3S,Bear Trend,Neutral,Waiting,SHORT,32.81,34.89,,,,,合盛硅业,nan,,1.8.5-source-port
603288,HS300,2026-09-29,32.91,READY,2,3S,Bear Trend,Neutral,Bear Micro BOS,SHORT,33.5,34.18,,,,,海天味业,nan,,1.8.5-source-port
603893,HS300,2026-09-29,212.94,READY,2,3B,Bull Trend,Neutral,Waiting,LONG,176.75,210.94,,,,,瑞芯微,nan,,1.8.5-source-port
605117,HS300,2026-09-29,77.85,READY,2,3S,Bear Trend,Neutral,Waiting,SHORT,80.84,87.16,,,,,德业股份,nan,,1.8.5-source-port
000617,HS300,2026-09-29,6.56,READY,2,2S,Bull Trend,Neutral,Waiting,SHORT,7.08,7.32,,,,,中油资本,nan,,1.8.5-source-port
000625,HS300,2026-09-29,7.06,READY,2,2B,Bearish Zhongshu,Neutral,Waiting,LONG,7.11,7.17,,,,,长安汽车,nan,,1.8.5-source-port
000977,HS300,2026-09-29,67.18,READY,2,2S,Bear Trend,Neutral,Waiting,SHORT,71.42,73.46,,,,,浪潮信息,nan,,1.8.5-source-port
001979,HS300,2026-09-29,7.59,READY,2,2S,Bear Trend,Neutral,Bull Micro BOS,SHORT,6.7,6.73,,,,,招商蛇口,nan,,1.8.5-source-port
002353,HS300,2026-09-29,109.78,READY,2,2S,Bearish Zhongshu,Neutral,Bear Micro BOS,SHORT,115.41,128.45,,,,,杰瑞股份,nan,,1.8.5-source-port
002460,HS300,2026-09-29,43.38,READY,2,2S,Bearish Zhongshu,Neutral,Waiting,SHORT,50.81,55.18,,,,,赣锋锂业,nan,,1.8.5-source-port
002466,HS300,2026-09-29,40.55,READY,2,2S,Bearish Zhongshu,Neutral,Waiting,SHORT,45.8,49.8,,,,,天齐锂业,nan,,1.8.5-source-port
002714,HS300,2026-09-29,42.29,READY,2,2S,Bull Trend,Neutral,Waiting,SHORT,40.64,41.55,,,,,牧原股份,nan,,1.8.5-source-port
300014,HS300,2026-09-29,48.59,READY,2,2S,Bearish Zhongshu,Neutral,Waiting,SHORT,54.27,55.86,,,,,亿纬锂能,nan,,1.8.5-source-port
300760,HS300,2026-09-29,159.01,READY,2,2S,Bull Trend,Neutral,Waiting,SHORT,156.01,160.73,,,,,迈瑞医疗,nan,,1.8.5-source-port
300803,HS300,2026-09-29,54.62,READY,2,2S,Bear Trend,Neutral,Waiting,SHORT,54.04,58.57,,,,,指南针,nan,,1.8.5-source-port
300832,HS300,2026-09-29,49.57,READY,2,2S,Bullish Zhongshu,Neutral,Waiting,SHORT,49.45,49.6,,,,,新产业,nan,,1.8.5-source-port
300866,HS300,2026-09-29,124.63,READY,2,2S,Bull Trend,Neutral,Waiting,SHORT,125.0,126.98,,,,,安克创新,nan,,1.8.5-source-port
301165,HS300,2026-09-29,102.89,READY,2,2S,Bull Trend,Neutral,Waiting,SHORT,111.1,114.99,,,,,锐捷网络,nan,,1.8.5-source-port
600011,HS300,2026-09-29,6.95,READY,2,2B,Bullish Zhongshu,Neutral,Waiting,LONG,6.73,6.81,,,,,华能国际,nan,,1.8.5-source-port
600039,HS300,2026-09-29,8.69,READY,2,2S,Bull Trend,Neutral,Waiting,SHORT,8.63,9.1,,,,,四川路桥,nan,,1.8.5-source-port
600309,HS300,2026-09-29,67.66,READY,2,2S,Bear Trend,Neutral,Bear Micro BOS,SHORT,71.72,72.49,,,,,万华化学,nan,,1.8.5-source-port
600362,HS300,2026-09-29,41.74,READY,2,2S,Bearish Zhongshu,Accumulation,Waiting,SHORT,43.78,44.24,,,,,江西铜业,nan,,1.8.5-source-port
600372,HS300,2026-09-29,11.15,READY,2,2B,Bull Trend,Neutral,Bear Micro BOS,LONG,11.32,11.6,,,,,中航机载,nan,,1.8.5-source-port
600588,HS300,2026-09-29,9.25,READY,2,2S,Bull Trend,Neutral,Waiting,SHORT,10.01,10.1,,,,,用友网络,nan,,1.8.5-source-port
600918,HS300,2026-09-29,5.39,READY,2,2S,Bearish Zhongshu,Neutral,Waiting,SHORT,5.6,5.73,,,,,中泰证券,nan,,1.8.5-source-port
600958,HS300,2026-09-29,8.61,READY,2,2S,Bearish Zhongshu,Neutral,Waiting,SHORT,9.0,9.2,,,,,东方证券,nan,,1.8.5-source-port
600999,HS300,2026-09-29,16.94,READY,2,2S,Bear Trend,Neutral,Waiting,SHORT,17.65,17.78,,,,,招商证券,nan,,1.8.5-source-port
601058,HS300,2026-09-29,13.22,READY,2,2S,Bull Trend,Neutral,Waiting,SHORT,13.87,14.12,,,,,赛轮轮胎,nan,,1.8.5-source-port
601225,HS300,2026-09-29,25.66,READY,2,2S,Bull Trend,Neutral,Waiting,SHORT,24.91,25.6,,,,,陕西煤业,nan,,1.8.5-source-port
601766,HS300,2026-09-29,6.12,READY,2,2S,Bull Trend,Neutral,Bull Micro BOS,SHORT,5.91,5.99,,,,,中国中车,nan,,1.8.5-source-port
601825,HS300,2026-09-29,8.58,READY,2,2S,Bullish Zhongshu,Neutral,Waiting,SHORT,8.53,8.55,,,,,沪农商行,nan,,1.8.5-source-port
601919,HS300,2026-09-29,16.33,READY,2,2S,Bullish Zhongshu,Neutral,Waiting,SHORT,15.88,16.43,,,,,中远海控,nan,,1.8.5-source-port
603369,HS300,2026-09-29,27.13,READY,2,2S,Bearish Zhongshu,Neutral,Waiting,SHORT,28.59,30.99,,,,,今世缘,nan,,1.8.5-source-port
000001,HS300,2026-09-29,11.35,WATCH,1,NONE,Bull Trend,Neutral,Waiting,,11.32,11.41,,,,,平安银行,nan,,1.8.5-source-port
000002,HS300,2026-09-29,4.08,WATCH,1,NONE,Bullish Zhongshu,Neutral,Waiting,,3.15,3.17,,,,,万科A,nan,,1.8.5-source-port
000157,HS300,2026-09-29,5.86,WATCH,1,NONE,Bearish Zhongshu,Neutral,Bear Micro BOS,,6.88,7.13,,,,,中联重科,nan,,1.8.5-source-port
000166,HS300,2026-09-29,4.36,WATCH,1,NONE,Bearish Zhongshu,Neutral,Waiting,,4.43,4.53,,,,,申万宏源,nan,,1.8.5-source-port
000538,HS300,2026-09-29,50.24,WATCH,1,NONE,Bull Trend,Neutral,Waiting,,48.99,50.2,,,,,云南白药,nan,,1.8.5-source-port
000568,HS300,2026-09-29,69.38,WATCH,1,NONE,Bearish Zhongshu,Neutral,Bear Micro BOS,,85.04,87.24,,,,,泸州老窖,nan,,1.8.5-source-port
000651,HS300,2026-09-29,38.1,WATCH,1,NONE,Bearish Zhongshu,Neutral,Waiting,,38.39,39.96,,,,,格力电器,nan,,1.8.5-source-port
000657,HS300,2026-09-29,53.69,WATCH,1,NONE,Bearish Zhongshu,Neutral,Waiting,,62.0,62.46,,,,,中钨高新,nan,,1.8.5-source-port
000725,HS300,2026-09-29,5.71,WATCH,1,NONE,Bearish Zhongshu,Neutral,Waiting,,5.71,6.17,,,,,京东方A,nan,,1.8.5-source-port
000776,HS300,2026-09-29,19.74,WATCH,1,NONE,Bearish Zhongshu,Neutral,Waiting,,21.17,21.22,,,,,广发证券,nan,,1.8.5-source-port
000807,HS300,2026-09-29,26.47,WATCH,1,NONE,Neutral Zhongshu,Neutral,Waiting,,25.45,27.34,,,,,云铝股份,nan,,1.8.5-source-port
000975,HS300,2026-09-29,22.27,WATCH,1,NONE,Bull Trend,Neutral,Waiting,,19.82,20.98,,,,,山金国际,nan,,1.8.5-source-port
000988,HS300,2026-09-29,94.25,WATCH,1,NONE,Bearish Zhongshu,Neutral,Waiting,,100.02,111.44,,,,,华工科技,nan,,1.8.5-source-port
001280,HS300,2026-09-29,60.21,WATCH,1,NONE,Bearish Zhongshu,Neutral,Waiting,,66.4,66.98,,,,,中国铀业,nan,,1.8.5-source-port
001965,HS300,2026-09-29,10.0,WATCH,1,NONE,Bullish Zhongshu,Neutral,Waiting,,9.78,9.9,,,,,招商公路,nan,,1.8.5-source-port
002028,HS300,2026-09-29,120.81,WATCH,1,NONE,Bearish Zhongshu,Neutral,Bear Micro BOS,,169.28,170.5,,,,,思源电气,nan,,1.8.5-source-port
002074,HS300,2026-09-29,28.68,WATCH,1,NONE,Bullish Zhongshu,Neutral,Bull Micro BOS,,26.71,27.84,,,,,国轩高科,nan,,1.8.5-source-port
002179,HS300,2026-09-29,32.9,WATCH,1,NONE,Bearish Zhongshu,Neutral,Bear Micro BOS,,34.79,34.88,,,,,中航光电,nan,,1.8.5-source-port
002241,HS300,2026-09-29,23.0,WATCH,1,NONE,Bearish Zhongshu,Neutral,Waiting,,23.25,23.87,,,,,歌尔股份,nan,,1.8.5-source-port
002463,HS300,2026-09-29,119.07,WATCH,1,NONE,Bull Trend,Neutral,Waiting,,125.13,125.32,,,,,沪电股份,nan,,1.8.5-source-port
002493,HS300,2026-09-29,13.25,WATCH,1,NONE,Bullish Zhongshu,Neutral,Waiting,,12.65,12.69,,,,,荣盛石化,nan,,1.8.5-source-port
002600,HS300,2026-09-29,11.98,WATCH,1,NONE,Bull Trend,Neutral,Waiting,,12.46,12.78,,,,,领益智造,nan,,1.8.5-source-port
002625,HS300,2026-09-29,22.9,WATCH,1,NONE,Bearish Zhongshu,Neutral,Waiting,,27.02,28.86,,,,,光启技术,nan,,1.8.5-source-port
002837,HS300,2026-09-29,55.58,WATCH,1,NONE,Bearish Zhongshu,Neutral,Waiting,,62.2,63.65,,,,,英维克,nan,,1.8.5-source-port
002916,HS300,2026-09-29,375.6,WATCH,1,NONE,Bull Trend,Neutral,Waiting,,350.0,388.18,,,,,深南电路,nan,,1.8.5-source-port
003816,HS300,2026-09-29,4.21,WATCH,1,NONE,Bull Trend,Neutral,Waiting,,4.16,4.2,,,,,中国广核,nan,,1.8.5-source-port
300015,HS300,2026-09-29,7.85,WATCH,1,NONE,Bearish Zhongshu,Neutral,Waiting,,8.6,8.6,,,,,爱尔眼科,nan,,1.8.5-source-port
300122,HS300,2026-09-29,13.08,WATCH,1,NONE,Bearish Zhongshu,Neutral,Waiting,,13.11,13.56,,,,,智飞生物,nan,,1.8.5-source-port
300251,HS300,2026-09-29,10.93,WATCH,1,NONE,Neutral Zhongshu,Neutral,Waiting,,10.75,11.22,,,,,光线传媒,nan,,1.8.5-source-port
300308,HS300,2026-09-29,813.01,WATCH,1,NONE,Bearish Zhongshu,Neutral,Bear Micro BOS,,830.0,929.8,,,,,中际旭创,nan,,1.8.5-source-port
300316,HS300,2026-09-29,38.27,WATCH,1,NONE,Bearish Zhongshu,Neutral,Bear Micro BOS,,38.44,42.92,,,,,晶盛机电,nan,,1.8.5-source-port
300394,HS300,2026-09-29,255.99,WATCH,1,NONE,Neutral Zhongshu,Neutral,Waiting,,237.36,276.48,,,,,天孚通信,nan,,1.8.5-source-port
300408,HS300,2026-09-29,118.63,WATCH,1,NONE,Bull Trend,Neutral,Waiting,,108.69,115.49,,,,,三环集团,nan,,1.8.5-source-port
300418,HS300,2026-09-29,40.95,WATCH,1,NONE,Bearish Zhongshu,Distribution,Waiting,,42.16,45.1,,,,,昆仑万维,nan,,1.8.5-source-port
300442,HS300,2026-09-29,65.76,WATCH,1,NONE,Bullish Zhongshu,Neutral,Waiting,,60.37,66.31,,,,,润泽科技,nan,,1.8.5-source-port
300498,HS300,2026-09-29,15.08,WATCH,1,NONE,Bull Trend,Neutral,Bull Micro BOS,,14.65,14.72,,,,,温氏股份,nan,,1.8.5-source-port
300502,HS300,2026-09-29,392.91,WATCH,1,NONE,Bull Trend,Neutral,Bear Micro BOS,,385.0,435.65,,,,,新易盛,nan,,1.8.5-source-port
300628,HS300,2026-09-29,39.96,WATCH,1,NONE,Bullish Zhongshu,Neutral,Waiting,,38.92,40.33,,,,,亿联网络,nan,,1.8.5-source-port
300661,HS300,2026-09-29,112.8,WATCH,1,NONE,Neutral Zhongshu,Neutral,Waiting,,108.36,116.16,,,,,圣邦股份,nan,,1.8.5-source-port
300999,HS300,2026-09-29,23.97,WATCH,1,NONE,Bearish Zhongshu,Neutral,Bear Micro BOS,,25.68,26.63,,,,,金龙鱼,nan,,1.8.5-source-port
301308,HS300,2026-09-29,311.66,WATCH,1,NONE,Bearish Zhongshu,Neutral,Bear Micro BOS,,373.6,442.0,,,,,江波龙,nan,,1.8.5-source-port
302132,HS300,2026-09-29,57.0,WATCH,1,NONE,Bull Trend,Neutral,Bear Micro BOS,,58.68,59.6,,,,,中航成飞,nan,,1.8.5-source-port
600015,HS300,2026-09-29,6.21,WATCH,1,NONE,Bearish Zhongshu,Neutral,Waiting,,6.19,6.45,,,,,华夏银行,nan,,1.8.5-source-port
600016,HS300,2026-09-29,3.47,WATCH,1,NONE,Bull Trend,Neutral,Waiting,,3.45,3.55,,,,,民生银行,nan,,1.8.5-source-port
600018,HS300,2026-09-29,5.43,WATCH,1,NONE,Bull Trend,Neutral,Waiting,,5.05,5.29,,,,,上港集团,nan,,1.8.5-source-port
600019,HS300,2026-09-29,5.85,WATCH,1,NONE,Bullish Zhongshu,Neutral,Bull Micro BOS,,5.65,5.76,,,,,宝钢股份,nan,,1.8.5-source-port
600023,HS300,2026-09-29,5.18,WATCH,1,NONE,Bullish Zhongshu,Neutral,Waiting,,4.87,4.97,,,,,浙能电力,nan,,1.8.5-source-port
600025,HS300,2026-09-29,9.78,WATCH,1,NONE,Bullish Zhongshu,Neutral,Waiting,,9.66,9.73,,,,,华能水电,nan,,1.8.5-source-port
600027,HS300,2026-09-29,4.86,WATCH,1,NONE,Bull Trend,Neutral,Waiting,,4.71,4.89,,,,,华电国际,nan,,1.8.5-source-port
600028,HS300,2026-09-29,5.28,WATCH,1,NONE,Bullish Zhongshu,Neutral,Waiting,,5.09,5.33,,,,,中国石化,nan,,1.8.5-source-port
600031,HS300,2026-09-29,17.06,WATCH,1,NONE,Bearish Zhongshu,Neutral,Bear Micro BOS,,19.72,19.8,,,,,三一重工,nan,,1.8.5-source-port
600061,HS300,2026-09-29,6.15,WATCH,1,NONE,Bearish Zhongshu,Neutral,Waiting,,6.42,6.45,,,,,国投资本,nan,,1.8.5-source-port
600150,HS300,2026-09-29,38.95,WATCH,1,NONE,Bull Trend,Neutral,Waiting,,33.51,34.96,,,,,中国船舶,nan,,1.8.5-source-port
600176,HS300,2026-09-29,39.69,WATCH,1,NONE,Bull Trend,Neutral,Waiting,,41.5,43.98,,,,,中国巨石,nan,,1.8.5-source-port
600183,HS300,2026-09-29,132.98,WATCH,1,NONE,Bull Trend,Neutral,Waiting,,126.0,143.48,,,,,生益科技,nan,,1.8.5-source-port
600233,HS300,2026-09-29,18.0,WATCH,1,NONE,Bullish Zhongshu,Neutral,Waiting,,17.03,17.38,,,,,圆通速递,nan,,1.8.5-source-port
600415,HS300,2026-09-29,10.72,WATCH,1,NONE,Bearish Zhongshu,Neutral,Waiting,,12.38,12.75,,,,,小商品城,nan,,1.8.5-source-port
600438,HS300,2026-09-29,11.07,WATCH,1,NONE,Bearish Zhongshu,Neutral,Waiting,,10.97,11.84,,,,,通威股份,nan,,1.8.5-source-port
600460,HS300,2026-09-29,31.84,WATCH,1,NONE,Bearish Zhongshu,Neutral,Waiting,,31.74,33.92,,,,,士兰微,nan,,1.8.5-source-port
600482,HS300,2026-09-29,33.8,WATCH,1,NONE,Bull Trend,Neutral,Waiting,,31.41,33.58,,,,,中国动力,nan,,1.8.5-source-port
600489,HS300,2026-09-29,21.59,WATCH,1,NONE,Bearish Zhongshu,Neutral,Waiting,,24.93,26.7,,,,,中金黄金,nan,,1.8.5-source-port
600522,HS300,2026-09-29,31.33,WATCH,1,NONE,Bull Trend,Neutral,Waiting,,31.31,34.39,,,,,中天科技,nan,,1.8.5-source-port
600584,HS300,2026-09-29,65.7,WATCH,1,NONE,Bearish Zhongshu,Neutral,Waiting,,71.01,73.95,,,,,长电科技,nan,,1.8.5-source-port
600674,HS300,2026-09-29,16.5,WATCH,1,NONE,Bull Trend,Neutral,Bull Micro BOS,,14.81,15.3,,,,,川投能源,nan,,1.8.5-source-port
600886,HS300,2026-09-29,15.15,WATCH,1,NONE,Bullish Zhongshu,Neutral,Waiting,,14.09,14.13,,,,,国投电力,nan,,1.8.5-source-port
600887,HS300,2026-09-29,27.24,WATCH,1,NONE,Bull Trend,Neutral,Bull Micro BOS,,26.01,26.25,,,,,伊利股份,nan,,1.8.5-source-port
600893,HS300,2026-09-29,38.41,WATCH,1,NONE,Bull Trend,Neutral,Waiting,,36.0,36.36,,,,,航发动力,nan,,1.8.5-source-port
600900,HS300,2026-09-29,28.38,WATCH,1,NONE,Bullish Zhongshu,Neutral,Waiting,,28.11,28.43,,,,,长江电力,nan,,1.8.5-source-port
600919,HS300,2026-09-29,12.16,WATCH,1,NONE,Bull Trend,Neutral,Waiting,,11.53,11.78,,,,,江苏银行,nan,,1.8.5-source-port
600938,HS300,2026-09-29,33.36,WATCH,1,NONE,Bull Trend,Accumulation,Waiting,,33.06,33.83,,,,,中国海油,nan,,1.8.5-source-port
600941,HS300,2026-09-29,97.36,WATCH,1,NONE,Bull Trend,Neutral,Waiting,,96.36,97.44,,,,,中国移动,nan,,1.8.5-source-port
601009,HS300,2026-09-29,11.79,WATCH,1,NONE,Bull Trend,Neutral,Waiting,,11.61,11.65,,,,,南京银行,nan,,1.8.5-source-port
601018,HS300,2026-09-29,3.49,WATCH,1,NONE,Bull Trend,Neutral,Waiting,,3.38,3.4,,,,,宁波港,nan,,1.8.5-source-port
601059,HS300,2026-09-14,15.56,WATCH,1,NONE,Bull Trend,Accumulation,Waiting,,16.44,16.84,,,,,信达证券,nan,,1.8.5-source-port
601111,HS300,2026-09-29,5.78,WATCH,1,NONE,Bearish Zhongshu,Neutral,Waiting,,5.92,5.95,,,,,中国国航,nan,,1.8.5-source-port
601136,HS300,2026-09-29,13.95,WATCH,1,NONE,Bull Trend,Neutral,Waiting,,13.96,14.28,,,,,首创证券,nan,,1.8.5-source-port
601169,HS300,2026-09-29,5.48,WATCH,1,NONE,Bull Trend,Neutral,Waiting,,4.94,4.98,,,,,北京银行,nan,,1.8.5-source-port
601229,HS300,2026-09-29,9.55,WATCH,1,NONE,Neutral Zhongshu,Neutral,Waiting,,9.48,9.61,,,,,上海银行,nan,,1.8.5-source-port
601238,HS300,2026-09-29,5.6,WATCH,1,NONE,Bullish Zhongshu,Neutral,Waiting,,5.12,5.28,,,,,广汽集团,nan,,1.8.5-source-port
601288,HS300,2026-09-29,6.94,WATCH,1,NONE,Bullish Zhongshu,Neutral,Waiting,,6.75,6.85,,,,,农业银行,nan,,1.8.5-source-port
601319,HS300,2026-09-29,8.06,WATCH,1,NONE,Bullish Zhongshu,Neutral,Waiting,,7.62,8.17,,,,,中国人保,nan,,1.8.5-source-port
601328,HS300,2026-09-29,7.62,WATCH,1,NONE,Bull Trend,Neutral,Waiting,,6.85,6.99,,,,,交通银行,nan,,1.8.5-source-port
601360,HS300,2026-09-29,9.12,WATCH,1,NONE,Bearish Zhongshu,Neutral,Waiting,,9.2,9.25,,,,,三六零,nan,,1.8.5-source-port
601398,HS300,2026-09-29,8.16,WATCH,1,NONE,Bull Trend,Neutral,Waiting,,8.04,8.16,,,,,工商银行,nan,,1.8.5-source-port
601628,HS300,2026-09-29,36.62,WATCH,1,NONE,Bearish Zhongshu,Neutral,Waiting,,37.33,38.88,,,,,中国人寿,nan,,1.8.5-source-port
601658,HS300,2026-09-29,5.41,WATCH,1,NONE,Bull Trend,Neutral,Waiting,,5.07,5.08,,,,,邮储银行,nan,,1.8.5-source-port
601698,HS300,2026-09-29,22.7,WATCH,1,NONE,Bearish Zhongshu,Neutral,Bear Micro BOS,,23.7,24.45,,,,,中国卫通,nan,,1.8.5-source-port
601728,HS300,2026-09-29,6.27,WATCH,1,NONE,Neutral Zhongshu,Neutral,Waiting,,6.1,6.14,,,,,中国电信,nan,,1.8.5-source-port
601788,HS300,2026-09-29,13.55,WATCH,1,NONE,Bearish Zhongshu,Neutral,Bear Micro BOS,,14.5,14.75,,,,,光大证券,nan,,1.8.5-source-port
601838,HS300,2026-09-29,18.88,WATCH,1,NONE,Bull Trend,Neutral,Waiting,,17.33,17.64,,,,,成都银行,nan,,1.8.5-source-port
601857,HS300,2026-09-29,11.12,WATCH,1,NONE,Bull Trend,Neutral,Waiting,,10.82,10.85,,,,,中国石油,nan,,1.8.5-source-port
601872,HS300,2026-09-29,19.89,WATCH,1,NONE,Bull Trend,Neutral,Waiting,,17.79,18.5,,,,,招商轮船,nan,,1.8.5-source-port
601877,HS300,2026-09-29,24.43,WATCH,1,NONE,Bull Trend,Neutral,Waiting,,25.37,25.49,,,,,正泰电器,nan,,1.8.5-source-port
601898,HS300,2026-09-29,13.9,WATCH,1,NONE,Bull Trend,Neutral,Waiting,,13.7,14.44,,,,,中煤能源,nan,,1.8.5-source-port
601939,HS300,2026-09-29,11.03,WATCH,1,NONE,Bull Trend,Neutral,Waiting,,10.76,10.98,,,,,建设银行,nan,,1.8.5-source-port
601985,HS300,2026-09-29,9.02,WATCH,1,NONE,Bull Trend,Neutral,Waiting,,8.82,8.95,,,,,中国核电,nan,,1.8.5-source-port
601988,HS300,2026-09-29,6.65,WATCH,1,NONE,Bullish Zhongshu,Neutral,Waiting,,6.48,6.71,,,,,中国银行,nan,,1.8.5-source-port
601998,HS300,2026-09-29,9.02,WATCH,1,NONE,Bull Trend,Neutral,Waiting,,7.39,7.75,,,,,中信银行,nan,,1.8.5-source-port
603259,HS300,2026-09-29,160.66,WATCH,1,NONE,Bullish Zhongshu,Neutral,Waiting,,149.73,157.17,,,,,药明康德,nan,,1.8.5-source-port
603296,HS300,2026-09-29,75.35,WATCH,1,NONE,Bull Trend,Neutral,Waiting,,76.66,79.98,,,,,华勤技术,nan,,1.8.5-source-port
603501,HS300,2026-09-29,80.36,WATCH,1,NONE,Bearish Zhongshu,Neutral,Waiting,,80.1,83.38,,,,,豪威集团,nan,,1.8.5-source-port
603986,HS300,2026-09-29,367.57,WATCH,1,NONE,Bearish Zhongshu,Neutral,Waiting,,367.0,398.0,,,,,兆易创新,nan,,1.8.5-source-port
688008,HS300,2026-09-29,212.6,WATCH,1,NONE,Neutral Zhongshu,Neutral,Waiting,,189.78,226.45,,,,,澜起科技,nan,,1.8.5-source-port
688012,HS300,2026-09-29,324.78,WATCH,1,NONE,Bearish Zhongshu,Neutral,Waiting,,341.64,363.07,,,,,中微公司,nan,,1.8.5-source-port
688041,HS300,2026-09-29,235.88,WATCH,1,NONE,Bearish Zhongshu,Neutral,Waiting,,225.75,256.6,,,,,海光信息,nan,,1.8.5-source-port
688082,HS300,2026-09-29,303.44,WATCH,1,NONE,Bullish Zhongshu,Neutral,Waiting,,283.31,300.74,,,,,盛美上海,nan,,1.8.5-source-port
688126,HS300,2026-09-29,23.66,WATCH,1,NONE,Neutral Zhongshu,Neutral,Waiting,,23.02,24.82,,,,,沪硅产业,nan,,1.8.5-source-port
688183,HS300,2026-09-29,110.5,WATCH,1,NONE,Bull Trend,Neutral,Waiting,,121.38,121.39,,,,,生益电子,nan,,1.8.5-source-port
688256,HS300,2026-09-29,1046.0,WATCH,1,NONE,Neutral Zhongshu,Neutral,Waiting,,1010.83,1140.96,,,,,寒武纪,nan,,1.8.5-source-port
688303,HS300,2026-09-29,15.7,WATCH,1,NONE,Bearish Zhongshu,Neutral,Waiting,,18.45,19.86,,,,,大全能源,nan,,1.8.5-source-port
688396,HS300,2026-09-29,56.89,WATCH,1,NONE,Bearish Zhongshu,Neutral,Waiting,,60.49,62.71,,,,,华润微,nan,,1.8.5-source-port
000100,HS300,2026-09-29,4.77,NONE,0,NONE,Bear Trend,Neutral,Waiting,,4.83,5.12,,,,,TCL科技,nan,,1.8.5-source-port
000338,HS300,2026-09-29,25.0,NONE,0,NONE,Bear Trend,Neutral,Waiting,,27.99,28.11,,,,,潍柴动力,nan,,1.8.5-source-port
000408,HS300,2026-09-29,69.8,NONE,0,NONE,Bear Trend,Neutral,Waiting,,76.47,79.18,,,,,藏格矿业,nan,,1.8.5-source-port
000708,HS300,2026-09-29,12.8,NONE,0,NONE,Bear Trend,Neutral,Waiting,,13.62,13.65,,,,,中信特钢,nan,,1.8.5-source-port
000792,HS300,2026-09-29,23.5,NONE,0,NONE,Bear Trend,Neutral,Waiting,,27.72,28.26,,,,,盐湖股份,nan,,1.8.5-source-port
000895,HS300,2026-09-29,23.41,NONE,0,NONE,Bear Trend,Neutral,Waiting,,23.89,25.02,,,,,双汇发展,nan,,1.8.5-source-port
000963,HS300,2026-09-29,26.85,NONE,0,NONE,Bear Trend,Neutral,Bull Micro BOS,,28.33,30.03,,,,,华东医药,nan,,1.8.5-source-port
000999,HS300,2026-09-29,23.44,NONE,0,NONE,Bear Trend,Neutral,Waiting,,24.53,24.66,,,,,华润三九,nan,,1.8.5-source-port
001391,HS300,2026-09-29,3.8,NONE,0,NONE,Bear Trend,Neutral,Waiting,,4.16,4.19,,,,,国货航,nan,,1.8.5-source-port
002049,HS300,2026-09-29,58.41,NONE,0,NONE,Bear Trend,Neutral,Waiting,,60.2,62.69,,,,,紫光国微,nan,,1.8.5-source-port
002050,HS300,2026-09-29,35.65,NONE,0,NONE,Bear Trend,Neutral,Waiting,,35.13,36.72,,,,,三花智控,nan,,1.8.5-source-port
002230,HS300,2026-09-29,37.2,NONE,0,NONE,Bear Trend,Neutral,Waiting,,38.67,39.37,,,,,科大讯飞,nan,,1.8.5-source-port
002352,HS300,2026-09-29,30.51,NONE,0,NONE,Bear Trend,Neutral,Waiting,,31.77,33.18,,,,,顺丰控股,nan,,1.8.5-source-port
002371,HS300,2026-09-29,628.96,NONE,0,NONE,Bear Trend,Neutral,Waiting,,669.01,687.04,,,,,北方华创,nan,,1.8.5-source-port
002415,HS300,2026-09-29,32.11,NONE,0,NONE,Bear Trend,Neutral,Bear Micro BOS,,34.0,35.59,,,,,海康威视,nan,,1.8.5-source-port
002422,HS300,2026-09-29,39.22,NONE,0,NONE,Bear Trend,Neutral,Waiting,,41.0,48.18,,,,,科伦药业,nan,,1.8.5-source-port
002475,HS300,2026-09-29,50.4,NONE,0,NONE,Bear Trend,Neutral,Waiting,,55.03,57.99,,,,,立讯精密,nan,,1.8.5-source-port
002594,HS300,2026-09-29,82.02,NONE,0,NONE,Bear Trend,Neutral,Bear Micro BOS,,93.13,93.23,,,,,比亚迪,nan,,1.8.5-source-port
002920,HS300,2026-09-29,79.25,NONE,0,NONE,Bear Trend,Neutral,Bear Micro BOS,,83.43,84.86,,,,,德赛西威,nan,,1.8.5-source-port
300033,HS300,2026-09-29,199.71,NONE,0,NONE,Bear Trend,Neutral,Waiting,,230.19,231.23,,,,,同花顺,nan,,1.8.5-source-port
300059,HS300,2026-09-29,17.77,NONE,0,NONE,Bear Trend,Neutral,Bear Micro BOS,,19.3,19.65,,,,,东方财富,nan,,1.8.5-source-port
300124,HS300,2026-09-29,52.49,NONE,0,NONE,Bear Trend,Neutral,Waiting,,59.73,62.57,,,,,汇川技术,nan,,1.8.5-source-port
300274,HS300,2026-09-29,82.81,NONE,0,NONE,Bear Trend,Neutral,Waiting,,108.91,121.32,,,,,阳光电源,nan,,1.8.5-source-port
300750,HS300,2026-09-29,286.8,NONE,0,NONE,Bear Trend,Neutral,Bear Micro BOS,,390.5,408.52,,,,,宁德时代,nan,,1.8.5-source-port
300896,HS300,2026-09-29,91.93,NONE,0,NONE,Bear Trend,Neutral,Waiting,,90.02,94.11,,,,,爱美客,nan,,1.8.5-source-port
301236,HS300,2026-09-29,35.6,NONE,0,NONE,Bear Trend,Neutral,Waiting,,36.4,38.58,,,,,软通动力,nan,,1.8.5-source-port
301269,HS300,2026-09-29,86.68,NONE,0,NONE,Bear Trend,Neutral,Waiting,,93.5,95.99,,,,,华大九天,nan,,1.8.5-source-port
600000,HS300,2026-09-29,9.18,NONE,0,NONE,Bear Trend,Neutral,Waiting,,9.19,9.28,,,,,浦发银行,nan,,1.8.5-source-port
600009,HS300,2026-09-29,22.38,NONE,0,NONE,Bear Trend,Neutral,Waiting,,23.34,23.37,,,,,上海机场,nan,,1.8.5-source-port
600010,HS300,2026-09-29,2.08,NONE,0,NONE,Bear Trend,Neutral,Waiting,,2.27,2.28,,,,,包钢股份,nan,,1.8.5-source-port
600030,HS300,2026-09-29,25.82,NONE,0,NONE,Bear Trend,Neutral,Waiting,,27.77,28.05,,,,,中信证券,nan,,1.8.5-source-port
600050,HS300,2026-09-29,4.17,NONE,0,NONE,Bear Trend,Neutral,Waiting,,4.27,4.29,,,,,中国联通,nan,,1.8.5-source-port
600066,HS300,2026-09-29,26.34,NONE,0,NONE,Bear Trend,Neutral,Waiting,,29.58,30.24,,,,,宇通客车,nan,,1.8.5-source-port
600085,HS300,2026-09-29,23.3,NONE,0,NONE,Bear Trend,Neutral,Waiting,,23.53,24.43,,,,,同仁堂,nan,,1.8.5-source-port
600111,HS300,2026-09-29,35.41,NONE,0,NONE,Bear Trend,Neutral,Waiting,,39.11,40.96,,,,,北方稀土,nan,,1.8.5-source-port
600196,HS300,2026-09-29,23.39,NONE,0,NONE,Bear Trend,Distrib Watch,Waiting,,22.22,23.4,,,,,复星医药,nan,,1.8.5-source-port
600219,HS300,2026-09-29,4.62,NONE,0,NONE,Bear Trend,Neutral,Waiting,,4.62,4.77,,,,,南山铝业,nan,,1.8.5-source-port
600221,HS300,2026-09-29,1.21,NONE,0,NONE,Bear Trend,Neutral,Waiting,,1.31,1.38,,,,,海航控股,nan,,1.8.5-source-port
600276,HS300,2026-09-29,45.62,NONE,0,NONE,Bear Trend,Neutral,Waiting,,45.26,46.14,,,,,恒瑞医药,nan,,1.8.5-source-port
600426,HS300,2026-09-29,19.05,NONE,0,NONE,Bear Trend,Neutral,Bear Micro BOS,,20.46,21.33,,,,,华鲁恒升,nan,,1.8.5-source-port
600436,HS300,2026-09-29,115.22,NONE,0,NONE,Bear Trend,Neutral,Bear Micro BOS,,128.32,140.33,,,,,片仔癀,nan,,1.8.5-source-port
600515,HS300,2026-09-29,2.71,NONE,0,NONE,Bear Trend,Neutral,Waiting,,2.83,2.85,,,,,海南机场,nan,,1.8.5-source-port
600549,HS300,2026-09-29,43.75,NONE,0,NONE,Bear Trend,Neutral,Waiting,,50.6,50.98,,,,,厦门钨业,nan,,1.8.5-source-port
600570,HS300,2026-09-29,19.32,NONE,0,NONE,Bear Trend,Neutral,Bear Micro BOS,,20.95,22.38,,,,,恒生电子,nan,,1.8.5-source-port
600660,HS300,2026-09-29,53.0,NONE,0,NONE,Bear Trend,Neutral,Waiting,,54.86,57.43,,,,,福耀玻璃,nan,,1.8.5-source-port
600875,HS300,2026-09-29,22.97,NONE,0,NONE,Bear Trend,Neutral,Waiting,,26.62,28.09,,,,,东方电气,nan,,1.8.5-source-port
600905,HS300,2026-09-29,3.52,NONE,0,NONE,Bear Trend,Neutral,Bear Micro BOS,,3.68,3.72,,,,,三峡能源,nan,,1.8.5-source-port
600930,HS300,2026-09-29,3.82,NONE,0,NONE,Bear Trend,Neutral,Waiting,,4.18,4.4,,,,,华电新能,nan,,1.8.5-source-port
601021,HS300,2026-09-29,39.84,NONE,0,NONE,Bear Trend,Neutral,Bear Micro BOS,,43.57,46.12,,,,,春秋航空,nan,,1.8.5-source-port
601066,HS300,2026-09-29,23.01,NONE,0,NONE,Bear Trend,Neutral,Bear Micro BOS,,25.43,25.74,,,,,中信建投,nan,,1.8.5-source-port
601100,HS300,2026-09-29,90.82,NONE,0,NONE,Bear Trend,Neutral,Waiting,,103.66,104.15,,,,,恒立液压,nan,,1.8.5-source-port
601117,HS300,2026-09-29,7.13,NONE,0,NONE,Bear Trend,Neutral,Waiting,,7.35,7.62,,,,,中国化学,nan,,1.8.5-source-port
601127,HS300,2026-09-29,46.81,NONE,0,NONE,Bear Trend,Neutral,Waiting,,55.59,63.36,,,,,赛力斯,nan,,1.8.5-source-port
601166,HS300,2026-09-29,17.79,NONE,0,NONE,Bear Trend,Neutral,Waiting,,17.89,18.01,,,,,兴业银行,nan,,1.8.5-source-port
601186,HS300,2026-09-29,5.95,NONE,0,NONE,Bear Trend,Neutral,Waiting,,6.06,6.08,,,,,中国铁建,nan,,1.8.5-source-port
601211,HS300,2026-09-29,16.65,NONE,0,NONE,Bear Trend,Neutral,Bear Micro BOS,,17.82,17.84,,,,,国泰海通,nan,,1.8.5-source-port
601336,HS300,2026-09-29,55.94,NONE,0,NONE,Bear Trend,Neutral,Bear Micro BOS,,59.78,61.0,,,,,新华保险,nan,,1.8.5-source-port
601377,HS300,2026-09-29,5.72,NONE,0,NONE,Bear Trend,Re-Accumulation,Bear Micro BOS,,5.89,5.96,,,,,兴业证券,nan,,1.8.5-source-port
601456,HS300,2026-09-29,8.53,NONE,0,NONE,Bear Trend,Neutral,Waiting,,8.93,8.96,,,,,国联民生,nan,,1.8.5-source-port
601618,HS300,2026-09-29,2.5,NONE,0,NONE,Bear Trend,Accumulation,Waiting,,2.53,2.6,,,,,中国中冶,nan,,1.8.5-source-port
601633,HS300,2026-09-29,13.66,NONE,0,NONE,Bear Trend,Neutral,Bear Micro BOS,,15.87,16.84,,,,,长城汽车,nan,,1.8.5-source-port
601669,HS300,2026-09-29,4.52,NONE,0,NONE,Bear Trend,Neutral,Waiting,,4.59,4.65,,,,,中国电建,nan,,1.8.5-source-port
601688,HS300,2026-09-29,17.72,NONE,0,NONE,Bear Trend,Neutral,Bear Micro BOS,,19.13,19.32,,,,,华泰证券,nan,,1.8.5-source-port
601689,HS300,2026-09-29,47.35,NONE,0,NONE,Bear Trend,Neutral,Waiting,,45.48,47.57,,,,,拓普集团,nan,,1.8.5-source-port
601727,HS300,2026-09-29,6.41,NONE,0,NONE,Bear Trend,Neutral,Waiting,,6.42,6.68,,,,,上海电气,nan,,1.8.5-source-port
601816,HS300,2026-09-29,4.7,NONE,0,NONE,Bear Trend,Neutral,Waiting,,4.88,4.93,,,,,京沪高铁,nan,,1.8.5-source-port
601818,HS300,2026-09-29,3.01,NONE,0,NONE,Bear Trend,Neutral,Waiting,,3.01,3.07,,,,,光大银行,nan,,1.8.5-source-port
601888,HS300,2026-09-29,50.93,NONE,0,NONE,Bear Trend,Neutral,Waiting,,51.81,52.8,,,,,中国中免,nan,,1.8.5-source-port
601995,HS300,2026-09-29,30.61,NONE,0,NONE,Bear Trend,Neutral,Waiting,,34.63,34.71,,,,,中金公司,nan,,1.8.5-source-port
603392,HS300,2026-09-29,26.48,NONE,0,NONE,Bear Trend,Neutral,Waiting,,28.18,30.33,,,,,万泰生物,nan,,1.8.5-source-port
603799,HS300,2026-09-29,34.03,NONE,0,NONE,Bear Trend,Neutral,Bear Micro BOS,,45.56,47.17,,,,,华友钴业,nan,,1.8.5-source-port
603993,HS300,2026-09-29,16.75,NONE,0,NONE,Bear Trend,Neutral,Waiting,,18.67,19.3,,,,,洛阳钼业,nan,,1.8.5-source-port
605499,HS300,2026-09-29,110.19,NONE,0,NONE,Bear Trend,Neutral,Waiting,,116.89,121.25,,,,,东鹏饮料,nan,,1.8.5-source-port
688009,HS300,2026-09-29,4.64,NONE,0,NONE,Bear Trend,Neutral,Waiting,,4.91,4.95,,,,,中国通号,nan,,1.8.5-source-port
688036,HS300,2026-09-29,53.49,NONE,0,NONE,Bear Trend,Neutral,Waiting,,57.49,58.67,,,,,传音控股,nan,,1.8.5-source-port
688047,HS300,2026-09-29,100.2,NONE,0,NONE,Bear Trend,Accumulation,Waiting,,100.7,108.3,,,,,龙芯中科,nan,,1.8.5-source-port
688072,HS300,2026-09-29,656.68,NONE,0,NONE,Bear Trend,Neutral,Waiting,,633.35,727.27,,,,,拓荆科技,nan,,1.8.5-source-port
688111,HS300,2026-09-29,216.9,NONE,0,NONE,Bear Trend,Neutral,Bear Micro BOS,,249.0,249.37,,,,,金山办公,nan,,1.8.5-source-port
688223,HS300,2026-09-29,3.74,NONE,0,NONE,Bear Trend,Neutral,Waiting,,4.3,4.66,,,,,晶科能源,nan,,1.8.5-source-port
688271,HS300,2026-09-29,105.1,NONE,0,NONE,Bear Trend,Neutral,Waiting,,109.98,110.12,,,,,联影医疗,nan,,1.8.5-source-port
688472,HS300,2026-09-29,8.33,NONE,0,NONE,Bear Trend,Neutral,Waiting,,10.69,10.7,,,,,阿特斯,nan,,1.8.5-source-port
688506,HS300,2026-09-29,236.0,NONE,0,NONE,Bear Trend,Neutral,Waiting,,292.12,325.0,,,,,百利天恒,nan,,1.8.5-source-port
688521,HS300,2026-09-29,193.64,NONE,0,NONE,Bear Trend,Neutral,Waiting,,170.21,198.6,,,,,芯原股份,nan,,1.8.5-source-port
688981,HS300,2026-09-29,117.51,NONE,0,NONE,Bear Trend,Neutral,Waiting,,120.0,125.61,,,,,中芯国际,nan,,1.8.5-source-port
